{"cameraMode":{"drawMode":0,"name":"Shaded","section":"Shading Mode"},"sceneLighting":true,"audioPlay":false,"sceneViewState":{"showFog":true,"showMaterialUpdate":false,"showSkybox":true,"showFlares":true,"showImageEffects":true,"showParticleSystems":true},"in2DMode":false,"pivot":{"x":624.7146606445313,"y":792.354736328125,"z":40.421142578125},"rotation":{"x":-0.025485577061772348,"y":0.030578522011637689,"z":-0.0007798541337251663,"w":-0.999207079410553},"size":988.34814453125,"orthographic":false}